{"resourceType":"CodeSystem","id":"EvalReason","text":{"status":"generated","div":"<div xmlns=\"http://www.w3.org/1999/xhtml\"><p>This  code system <code>http://fhirfli.dev/fhir/ig/pythia/CodeSystem/EvalReason</code> defines the following codes:</p><table class=\"codes\"><tr><td style=\"white-space:nowrap\"><b>Code</b></td><td><b>Display</b></td><td><b>Definition</b></td></tr><tr><td style=\"white-space:nowrap\">noDateGiven<a name=\"EvalReason-noDateGiven\"> </a></td><td>No Date Given</td><td>No Date Given</td></tr><tr><td style=\"white-space:nowrap\">noCvx<a name=\"EvalReason-noCvx\"> </a></td><td>No Cvx</td><td>No Cvx</td></tr><tr><td style=\"white-space:nowrap\">expired<a name=\"EvalReason-expired\"> </a></td><td>Expired Product</td><td>Expired Product</td></tr><tr><td style=\"white-space:nowrap\">ageTooOld<a name=\"EvalReason-ageTooOld\"> </a></td><td>Age: Too Old</td><td>Age: Too Old</td></tr><tr><td style=\"white-space:nowrap\">ageTooYoung<a name=\"EvalReason-ageTooYoung\"> </a></td><td>Age: Too Young</td><td>Age: Too Young</td></tr><tr><td style=\"white-space:nowrap\">inadvertentVaccine<a name=\"EvalReason-inadvertentVaccine\"> </a></td><td>Inadvertent Vaccine</td><td>Inadvertent Vaccine</td></tr><tr><td style=\"white-space:nowrap\">notPreferableOrAllowable<a name=\"EvalReason-notPreferableOrAllowable\"> </a></td><td>Not a preferable or allowable vaccine</td><td>Not a preferable or allowable vaccine</td></tr><tr><td style=\"white-space:nowrap\">notRecommendedVolume<a name=\"EvalReason-notRecommendedVolume\"> </a></td><td>Volume administered is less than recommended volume</td><td>Volume administered is less than recommended volume</td></tr><tr><td style=\"white-space:nowrap\">partialDose<a name=\"EvalReason-partialDose\"> </a></td><td>Partial Dose</td><td>Partial Dose</td></tr><tr><td style=\"white-space:nowrap\">coldChainBreak<a name=\"EvalReason-coldChainBreak\"> </a></td><td>Cold Chain Break</td><td>Cold Chain Break</td></tr><tr><td style=\"white-space:nowrap\">recall<a name=\"EvalReason-recall\"> </a></td><td>Manufacturer Recall</td><td>Manufacturer Recall</td></tr><tr><td style=\"white-space:nowrap\">adverseStorage<a name=\"EvalReason-adverseStorage\"> </a></td><td>Adverse Storage</td><td>Adverse Storage</td></tr><tr><td style=\"white-space:nowrap\">intervalTooShort<a name=\"EvalReason-intervalTooShort\"> </a></td><td>Interval: too short</td><td>Interval: too short</td></tr><tr><td style=\"white-space:nowrap\">seriesAlreadyCompleted<a name=\"EvalReason-seriesAlreadyCompleted\"> </a></td><td>Series Already Completed</td><td>Series Already Completed</td></tr><tr><td style=\"white-space:nowrap\">liveVirusConflict<a name=\"EvalReason-liveVirusConflict\"> </a></td><td>Live Virus Conflict</td><td>Live Virus Conflict</td></tr></table></div>"},"url":"http://fhirfli.dev/fhir/ig/pythia/CodeSystem/EvalReason","version":"0.1.0","name":"EvalReason","title":"Evaluation Reason","status":"draft","date":"2024-04-30T19:45:10-04:00","publisher":"FHIR-FLI","contact":[{"name":"FHIR-FLI","telecom":[{"system":"url","value":"http://fhirfli.dev"}]}],"description":"The reason for the evaluation.","content":"complete","count":15,"concept":[{"code":"noDateGiven","display":"No Date Given","definition":"No Date Given"},{"code":"noCvx","display":"No Cvx","definition":"No Cvx"},{"code":"expired","display":"Expired Product","definition":"Expired Product"},{"code":"ageTooOld","display":"Age: Too Old","definition":"Age: Too Old"},{"code":"ageTooYoung","display":"Age: Too Young","definition":"Age: Too Young"},{"code":"inadvertentVaccine","display":"Inadvertent Vaccine","definition":"Inadvertent Vaccine"},{"code":"notPreferableOrAllowable","display":"Not a preferable or allowable vaccine","definition":"Not a preferable or allowable vaccine"},{"code":"notRecommendedVolume","display":"Volume administered is less than recommended volume","definition":"Volume administered is less than recommended volume"},{"code":"partialDose","display":"Partial Dose","definition":"Partial Dose"},{"code":"coldChainBreak","display":"Cold Chain Break","definition":"Cold Chain Break"},{"code":"recall","display":"Manufacturer Recall","definition":"Manufacturer Recall"},{"code":"adverseStorage","display":"Adverse Storage","definition":"Adverse Storage"},{"code":"intervalTooShort","display":"Interval: too short","definition":"Interval: too short"},{"code":"seriesAlreadyCompleted","display":"Series Already Completed","definition":"Series Already Completed"},{"code":"liveVirusConflict","display":"Live Virus Conflict","definition":"Live Virus Conflict"}]}