{"resourceType":"ValueSet","id":"vaccine-gender","text":{"status":"generated","div":"<div xmlns=\"http://www.w3.org/1999/xhtml\"><p>This value set includes codes based on the following rules:</p><ul><li>Include these codes as defined in <a href=\"http://www.snomed.org/\"><code>http://snomed.info/sct</code></a><table class=\"none\"><tr><td style=\"white-space:nowrap\"><b>Code</b></td><td><b>Display</b></td></tr><tr><td><a href=\"http://snomed.info/id/446151000124109\">446151000124109</a></td><td>Male</td></tr><tr><td><a href=\"http://snomed.info/id/446141000124107\">446141000124107</a></td><td>Female</td></tr><tr><td><a href=\"http://snomed.info/id/407376001\">407376001</a></td><td>Transgender</td></tr><tr><td><a href=\"http://snomed.info/id/407377005\">407377005</a></td><td>Transgender</td></tr><tr><td><a href=\"http://snomed.info/id/33791000087105\">33791000087105</a></td><td>Transgender</td></tr><tr><td><a href=\"http://snomed.info/id/446131000124102\">446131000124102</a></td><td>Transgender</td></tr></table></li><li>Include these codes as defined in <a href=\"http://loinc.org\"><code>http://loinc.org</code></a><table class=\"none\"><tr><td style=\"white-space:nowrap\"><b>Code</b></td><td><b>Display</b></td></tr><tr><td><a href=\"https://loinc.org/LA22878-5/\">LA22878-5</a></td><td>Male</td></tr><tr><td><a href=\"https://loinc.org/LA22879-3/\">LA22879-3</a></td><td>Female</td></tr><tr><td><a href=\"https://loinc.org/LA22880-1/\">LA22880-1</a></td><td>Transgender</td></tr><tr><td><a href=\"https://loinc.org/LA22881-9/\">LA22881-9</a></td><td>Transgender</td></tr><tr><td><a href=\"https://loinc.org/LA22882-7/\">LA22882-7</a></td><td>Transgender</td></tr><tr><td><a href=\"https://loinc.org/LA46-8/\">LA46-8</a></td><td>Other</td></tr><tr><td><a href=\"https://loinc.org/LA20384-6/\">LA20384-6</a></td><td>Other</td></tr></table></li><li>Include these codes as defined in <code>http://hl7.org/fhir/v3/NullFlavor</code><table class=\"none\"><tr><td style=\"white-space:nowrap\"><b>Code</b></td><td><b>Display</b></td></tr><tr><td>OTH</td><td>Other</td></tr><tr><td>UNK</td><td>Other</td></tr></table></li><li>Include these codes as defined in <code>http://hl7.org/fhir/valueset-data-absent-reason</code><table class=\"none\"><tr><td style=\"white-space:nowrap\"><b>Code</b></td><td><b>Display</b></td></tr><tr><td>asked-declined</td><td>Other</td></tr></table></li></ul></div>"},"url":"http://fhirfli.dev/fhir/ig/pythia/ValueSet/vaccine-gender","version":"0.1.0","name":"VaccineGender","title":"Vaccine Gender","status":"draft","date":"2024-04-29T11:15:56-04:00","publisher":"FHIR-FLI","contact":[{"name":"FHIR-FLI","telecom":[{"system":"url","value":"http://fhirfli.dev"}]}],"description":"A value set that groups detailed genders from SNOMED CT and LOINC into broader categories (male, female, transgender, other) for use in vaccine predictions.","compose":{"include":[{"system":"http://snomed.info/sct","concept":[{"code":"446151000124109","display":"Male"},{"code":"446141000124107","display":"Female"},{"code":"407376001","display":"Transgender"},{"code":"407377005","display":"Transgender"},{"code":"33791000087105","display":"Transgender"},{"code":"446131000124102","display":"Transgender"}]},{"system":"http://loinc.org","concept":[{"code":"LA22878-5","display":"Male"},{"code":"LA22879-3","display":"Female"},{"code":"LA22880-1","display":"Transgender"},{"code":"LA22881-9","display":"Transgender"},{"code":"LA22882-7","display":"Transgender"},{"code":"LA46-8","display":"Other"},{"code":"LA20384-6","display":"Other"}]},{"system":"http://hl7.org/fhir/v3/NullFlavor","concept":[{"code":"OTH","display":"Other"},{"code":"UNK","display":"Other"}]},{"system":"http://hl7.org/fhir/valueset-data-absent-reason","concept":[{"code":"asked-declined","display":"Other"}]}]}}