{"resourceType":"ValueSet","id":"vaccine-gender","text":{"status":"extensions","div":"<div xmlns=\"http://www.w3.org/1999/xhtml\"><ul><li>Include these codes as defined in <a href=\"CodeSystem-VaccineGender.html\"><code>http://fhirfli.dev/fhir/ig/pythia/CodeSystem/VaccineGender</code></a><table class=\"none\"><tr><td style=\"white-space:nowrap\"><b>Code</b></td><td><b>Display</b></td><td><b>Definition</b></td></tr><tr><td><a href=\"CodeSystem-VaccineGender.html#VaccineGender-female\">female</a></td><td>Female</td><td>Female</td></tr><tr><td><a href=\"CodeSystem-VaccineGender.html#VaccineGender-transgender\">transgender</a></td><td>Transgender</td><td>Transgender</td></tr><tr><td><a href=\"CodeSystem-VaccineGender.html#VaccineGender-unknown\">unknown</a></td><td>Unknown</td><td>Unknown</td></tr><tr><td><a href=\"CodeSystem-VaccineGender.html#VaccineGender-male\">male</a></td><td>Male</td><td>Male</td></tr></table></li></ul></div>"},"url":"http://fhirfli.dev/fhir/ig/pythia/ValueSet/vaccine-gender","version":"0.1.0","name":"VaccineGenderVS","title":"Vaccine Gender","status":"draft","date":"2024-04-30T22:06:35-04:00","publisher":"FHIR-FLI","contact":[{"name":"FHIR-FLI","telecom":[{"system":"url","value":"http://fhirfli.dev"}]}],"description":"Value set for gender categories relevant to vaccination data.","compose":{"include":[{"system":"http://fhirfli.dev/fhir/ig/pythia/CodeSystem/VaccineGender","concept":[{"code":"female","display":"Female"},{"code":"transgender","display":"Transgender"},{"code":"unknown","display":"Unknown"},{"code":"male","display":"Male"}]}]}}