[
  {
    "id" : "cdsi.ig",
    "type" : "ImplementationGuide",
    "url" : "http://fhirfli.dev/fhir/ig/cdsi/ImplementationGuide/cdsi.ig",
    "version" : "0.1.0",
    "name" : "CdsiIG"
  },
  {
    "id" : "CvxToAntigenMap",
    "type" : "StructureDefinition",
    "url" : "http://fhirfli.dev/fhir/ig/cdsi/StructureDefinition/CvxToAntigenMap",
    "version" : "0.1.0",
    "name" : "CvxToAntigenMap"
  },
  {
    "id" : "MyPatient",
    "type" : "StructureDefinition",
    "url" : "http://fhirfli.dev/fhir/ig/cdsi/StructureDefinition/MyPatient",
    "version" : "0.1.0",
    "name" : "MyPatient"
  },
  {
    "id" : "Vaccine",
    "type" : "StructureDefinition",
    "url" : "http://fhirfli.dev/fhir/ig/cdsi/StructureDefinition/Vaccine",
    "version" : "0.1.0",
    "name" : "Vaccine"
  },
  {
    "id" : "antigen-supporting-data",
    "type" : "StructureDefinition",
    "url" : "http://fhirfli.dev/fhir/ig/cdsi/StructureDefinition/antigen-supporting-data",
    "version" : "0.1.0",
    "name" : "AntigenSupportingData"
  },
  {
    "id" : "live-virus-conflict",
    "type" : "StructureDefinition",
    "url" : "http://fhirfli.dev/fhir/ig/cdsi/StructureDefinition/live-virus-conflict",
    "version" : "0.1.0",
    "name" : "LiveVirusConflict"
  },
  {
    "id" : "vaccination-observation-map",
    "type" : "StructureDefinition",
    "url" : "http://fhirfli.dev/fhir/ig/cdsi/StructureDefinition/vaccination-observation-map",
    "version" : "0.1.0",
    "name" : "VaccinationObservationMap"
  },
  {
    "id" : "vaccine-group-map",
    "type" : "StructureDefinition",
    "url" : "http://fhirfli.dev/fhir/ig/cdsi/StructureDefinition/vaccine-group-map",
    "version" : "0.1.0",
    "name" : "VaccineGroupMap"
  },
  {
    "id" : "vaccine-group-to-antigen-map",
    "type" : "StructureDefinition",
    "url" : "http://fhirfli.dev/fhir/ig/cdsi/StructureDefinition/vaccine-group-to-antigen-map",
    "version" : "0.1.0",
    "name" : "VaccineGroupToAntigenMap"
  }
]
