{
  "package": "cdsi.ig",
  "version": "0.1.0",
  "fhirVersion": "4.0.1",
  "extensions": [],
  "profiles": {
    "CvxToAntigenMap": [
      {
        "url": "http://fhirfli.dev/fhir/ig/cdsi/StructureDefinition/CvxToAntigenMap",
        "title": "CVX Map"
      }
    ],
    "Patient": [
      {
        "url": "http://fhirfli.dev/fhir/ig/cdsi/StructureDefinition/MyPatient",
        "title": "MyPatient"
      }
    ],
    "Vaccine": [
      {
        "url": "http://fhirfli.dev/fhir/ig/cdsi/StructureDefinition/Vaccine",
        "title": "Vaccine"
      }
    ],
    "antigen-supporting-data": [
      {
        "url": "http://fhirfli.dev/fhir/ig/cdsi/StructureDefinition/antigen-supporting-data",
        "title": "Antigen Supporting Data"
      }
    ],
    "live-virus-conflict": [
      {
        "url": "http://fhirfli.dev/fhir/ig/cdsi/StructureDefinition/live-virus-conflict",
        "title": "Live Virus Conflict"
      }
    ],
    "vaccination-observation-map": [
      {
        "url": "http://fhirfli.dev/fhir/ig/cdsi/StructureDefinition/vaccination-observation-map",
        "title": "Vaccination Observation Map"
      }
    ],
    "vaccine-group-map": [
      {
        "url": "http://fhirfli.dev/fhir/ig/cdsi/StructureDefinition/vaccine-group-map",
        "title": "Vaccine Group Map"
      }
    ],
    "vaccine-group-to-antigen-map": [
      {
        "url": "http://fhirfli.dev/fhir/ig/cdsi/StructureDefinition/vaccine-group-to-antigen-map",
        "title": "Vaccine Group to Antigen Map"
      }
    ]
  },
  "usage": {
    "http://hl7.org/fhir/StructureDefinition/elementdefinition-bestpractice": [
      "StructureDefinition.snapshot.element.constraint"
    ],
    "http://hl7.org/fhir/StructureDefinition/elementdefinition-bestpractice-explanation": [
      "StructureDefinition.snapshot.element.constraint"
    ],
    "http://hl7.org/fhir/StructureDefinition/elementdefinition-bindingName": [
      "StructureDefinition.snapshot.element.binding"
    ],
    "http://hl7.org/fhir/StructureDefinition/elementdefinition-maxValueSet": [
      "StructureDefinition.snapshot.element.binding"
    ],
    "http://hl7.org/fhir/StructureDefinition/structuredefinition-fhir-type": [
      "StructureDefinition.snapshot.element.type"
    ],
    "http://hl7.org/fhir/StructureDefinition/structuredefinition-hierarchy": [
      "StructureDefinition.snapshot.element.type"
    ],
    "http://hl7.org/fhir/tools/StructureDefinition/ig-internal-dependency": [
      "ImplementationGuide.definition"
    ],
    "http://hl7.org/fhir/tools/StructureDefinition/ig-page-name": [
      "ImplementationGuide.definition.page",
      "ImplementationGuide.definition.page.page"
    ],
    "http://hl7.org/fhir/tools/StructureDefinition/ig-parameter": [
      "ImplementationGuide.definition"
    ],
    "http://hl7.org/fhir/tools/StructureDefinition/implementationguide-dependency-comment": [
      "ImplementationGuide.dependsOn"
    ],
    "http://hl7.org/fhir/tools/StructureDefinition/resource-information": [
      "ImplementationGuide.definition.resource"
    ]
  }
}