<?xml version="1.0" encoding="UTF-8"?>

<CodeSystem xmlns="http://hl7.org/fhir">
  <id value="EvalReason"/>
  <text>
    <status value="generated"/><div xmlns="http://www.w3.org/1999/xhtml"><p>This  code system <code>http://fhirfli.dev/fhir/ig/pythia/CodeSystem/EvalReason</code> defines the following codes:</p><table class="codes"><tr><td style="white-space:nowrap"><b>Code</b></td><td><b>Display</b></td><td><b>Definition</b></td></tr><tr><td style="white-space:nowrap">noDateGiven<a name="EvalReason-noDateGiven"> </a></td><td>No Date Given</td><td>No Date Given</td></tr><tr><td style="white-space:nowrap">noCvx<a name="EvalReason-noCvx"> </a></td><td>No Cvx</td><td>No Cvx</td></tr><tr><td style="white-space:nowrap">expired<a name="EvalReason-expired"> </a></td><td>Expired Product</td><td>Expired Product</td></tr><tr><td style="white-space:nowrap">ageTooOld<a name="EvalReason-ageTooOld"> </a></td><td>Age: Too Old</td><td>Age: Too Old</td></tr><tr><td style="white-space:nowrap">ageTooYoung<a name="EvalReason-ageTooYoung"> </a></td><td>Age: Too Young</td><td>Age: Too Young</td></tr><tr><td style="white-space:nowrap">inadvertentVaccine<a name="EvalReason-inadvertentVaccine"> </a></td><td>Inadvertent Vaccine</td><td>Inadvertent Vaccine</td></tr><tr><td style="white-space:nowrap">notPreferableOrAllowable<a name="EvalReason-notPreferableOrAllowable"> </a></td><td>Not a preferable or allowable vaccine</td><td>Not a preferable or allowable vaccine</td></tr><tr><td style="white-space:nowrap">notRecommendedVolume<a name="EvalReason-notRecommendedVolume"> </a></td><td>Volume administered is less than recommended volume</td><td>Volume administered is less than recommended volume</td></tr><tr><td style="white-space:nowrap">partialDose<a name="EvalReason-partialDose"> </a></td><td>Partial Dose</td><td>Partial Dose</td></tr><tr><td style="white-space:nowrap">coldChainBreak<a name="EvalReason-coldChainBreak"> </a></td><td>Cold Chain Break</td><td>Cold Chain Break</td></tr><tr><td style="white-space:nowrap">recall<a name="EvalReason-recall"> </a></td><td>Manufacturer Recall</td><td>Manufacturer Recall</td></tr><tr><td style="white-space:nowrap">adverseStorage<a name="EvalReason-adverseStorage"> </a></td><td>Adverse Storage</td><td>Adverse Storage</td></tr><tr><td style="white-space:nowrap">intervalTooShort<a name="EvalReason-intervalTooShort"> </a></td><td>Interval: too short</td><td>Interval: too short</td></tr><tr><td style="white-space:nowrap">seriesAlreadyCompleted<a name="EvalReason-seriesAlreadyCompleted"> </a></td><td>Series Already Completed</td><td>Series Already Completed</td></tr><tr><td style="white-space:nowrap">liveVirusConflict<a name="EvalReason-liveVirusConflict"> </a></td><td>Live Virus Conflict</td><td>Live Virus Conflict</td></tr></table></div>
  </text>
  <url value="http://fhirfli.dev/fhir/ig/pythia/CodeSystem/EvalReason"/>
  <version value="0.1.0"/>
  <name value="EvalReason"/>
  <title value="Evaluation Reason"/>
  <status value="draft"/>
  <date value="2024-04-30T19:45:10-04:00"/>
  <publisher value="FHIR-FLI"/>
  <contact>
    <name value="FHIR-FLI"/>
    <telecom>
      <system value="url"/>
      <value value="http://fhirfli.dev"/>
    </telecom>
  </contact>
  <description value="The reason for the evaluation."/>
  <content value="complete"/>
  <count value="15"/>
  <concept>
    <code value="noDateGiven"/>
    <display value="No Date Given"/>
    <definition value="No Date Given"/>
  </concept>
  <concept>
    <code value="noCvx"/>
    <display value="No Cvx"/>
    <definition value="No Cvx"/>
  </concept>
  <concept>
    <code value="expired"/>
    <display value="Expired Product"/>
    <definition value="Expired Product"/>
  </concept>
  <concept>
    <code value="ageTooOld"/>
    <display value="Age: Too Old"/>
    <definition value="Age: Too Old"/>
  </concept>
  <concept>
    <code value="ageTooYoung"/>
    <display value="Age: Too Young"/>
    <definition value="Age: Too Young"/>
  </concept>
  <concept>
    <code value="inadvertentVaccine"/>
    <display value="Inadvertent Vaccine"/>
    <definition value="Inadvertent Vaccine"/>
  </concept>
  <concept>
    <code value="notPreferableOrAllowable"/>
    <display value="Not a preferable or allowable vaccine"/>
    <definition value="Not a preferable or allowable vaccine"/>
  </concept>
  <concept>
    <code value="notRecommendedVolume"/>
    <display value="Volume administered is less than recommended volume"/>
    <definition value="Volume administered is less than recommended volume"/>
  </concept>
  <concept>
    <code value="partialDose"/>
    <display value="Partial Dose"/>
    <definition value="Partial Dose"/>
  </concept>
  <concept>
    <code value="coldChainBreak"/>
    <display value="Cold Chain Break"/>
    <definition value="Cold Chain Break"/>
  </concept>
  <concept>
    <code value="recall"/>
    <display value="Manufacturer Recall"/>
    <definition value="Manufacturer Recall"/>
  </concept>
  <concept>
    <code value="adverseStorage"/>
    <display value="Adverse Storage"/>
    <definition value="Adverse Storage"/>
  </concept>
  <concept>
    <code value="intervalTooShort"/>
    <display value="Interval: too short"/>
    <definition value="Interval: too short"/>
  </concept>
  <concept>
    <code value="seriesAlreadyCompleted"/>
    <display value="Series Already Completed"/>
    <definition value="Series Already Completed"/>
  </concept>
  <concept>
    <code value="liveVirusConflict"/>
    <display value="Live Virus Conflict"/>
    <definition value="Live Virus Conflict"/>
  </concept>
</CodeSystem>