{
  "resourceType" : "CodeSystem",
  "id" : "vaccine-gender",
  "text" : {
    "status" : "generated",
    "div" : "<div xmlns=\"http://www.w3.org/1999/xhtml\"><p>This  code system <code>http://fhirfli.dev/fhir/ig/pythia/CodeSystem/vaccine-gender</code> defines the following codes:</p><table class=\"codes\"><tr><td style=\"white-space:nowrap\"><b>Code</b></td><td><b>Display</b></td><td><b>Definition</b></td></tr><tr><td style=\"white-space:nowrap\">female<a name=\"vaccine-gender-female\"> </a></td><td>Female</td><td>Female</td></tr><tr><td style=\"white-space:nowrap\">transgender<a name=\"vaccine-gender-transgender\"> </a></td><td>Transgender</td><td>Transgender</td></tr><tr><td style=\"white-space:nowrap\">unknown<a name=\"vaccine-gender-unknown\"> </a></td><td>Unknown</td><td>Unknown</td></tr><tr><td style=\"white-space:nowrap\">male<a name=\"vaccine-gender-male\"> </a></td><td>Male</td><td>Male</td></tr></table></div>"
  },
  "url" : "http://fhirfli.dev/fhir/ig/pythia/CodeSystem/vaccine-gender",
  "version" : "0.1.0",
  "name" : "VaccineGender",
  "title" : "Vaccine Gender",
  "status" : "draft",
  "date" : "2024-04-30T19:45:10-04:00",
  "publisher" : "FHIR-FLI",
  "contact" : [{
    "name" : "FHIR-FLI",
    "telecom" : [{
      "system" : "url",
      "value" : "http://fhirfli.dev"
    }]
  }],
  "description" : "Value set for gender categories relevant to vaccination data.",
  "content" : "complete",
  "count" : 4,
  "concept" : [{
    "code" : "female",
    "display" : "Female",
    "definition" : "Female"
  },
  {
    "code" : "transgender",
    "display" : "Transgender",
    "definition" : "Transgender"
  },
  {
    "code" : "unknown",
    "display" : "Unknown",
    "definition" : "Unknown"
  },
  {
    "code" : "male",
    "display" : "Male",
    "definition" : "Male"
  }]
}