{
  "resourceType" : "CodeSystem",
  "id" : "IntervalReason",
  "text" : {
    "status" : "generated",
    "div" : "<div xmlns=\"http://www.w3.org/1999/xhtml\"><p>This  code system <code>http://fhirfli.dev/fhir/ig/pythia/CodeSystem/IntervalReason</code> defines the following codes:</p><table class=\"codes\"><tr><td style=\"white-space:nowrap\"><b>Code</b></td><td><b>Display</b></td><td><b>Definition</b></td></tr><tr><td style=\"white-space:nowrap\">tooLate<a name=\"IntervalReason-tooLate\"> </a></td><td>Interval: too late</td><td>Interval: too late</td></tr><tr><td style=\"white-space:nowrap\">tooShort<a name=\"IntervalReason-tooShort\"> </a></td><td>Interval: too short</td><td>Interval: too short</td></tr><tr><td style=\"white-space:nowrap\">gracePeriod<a name=\"IntervalReason-gracePeriod\"> </a></td><td>Interval: grace period</td><td>Interval: grace period</td></tr></table></div>"
  },
  "url" : "http://fhirfli.dev/fhir/ig/pythia/CodeSystem/IntervalReason",
  "version" : "0.1.0",
  "name" : "IntervalReasonCS",
  "title" : "Interval Reason",
  "status" : "draft",
  "date" : "2024-04-30T22:06:35-04:00",
  "publisher" : "FHIR-FLI",
  "contact" : [{
    "name" : "FHIR-FLI",
    "telecom" : [{
      "system" : "url",
      "value" : "http://fhirfli.dev"
    }]
  }],
  "description" : "This value set includes codes for the reason an interval is considered to be invalid.",
  "content" : "complete",
  "count" : 3,
  "concept" : [{
    "code" : "tooLate",
    "display" : "Interval: too late",
    "definition" : "Interval: too late"
  },
  {
    "code" : "tooShort",
    "display" : "Interval: too short",
    "definition" : "Interval: too short"
  },
  {
    "code" : "gracePeriod",
    "display" : "Interval: grace period",
    "definition" : "Interval: grace period"
  }]
}