URL,Version,Status,OIDs,Name,Title,Descriptino,Used
http://fhirfli.dev/fhir/ig/pythia/CodeSystem/EvalReason,0.1.0,draft,,EvalReasonCS,Evaluation Reason,"The reason for the evaluation.","ValueSet/eval-reason"
http://fhirfli.dev/fhir/ig/pythia/CodeSystem/EvalStatus,0.1.0,draft,,EvalStatusCS,Evaluation Status,"The status of the result of an evaluation.","ValueSet/eval-status"
http://fhirfli.dev/fhir/ig/pythia/CodeSystem/IntervalReason,0.1.0,draft,,IntervalReasonCS,Interval Reason,"This value set includes codes for the reason an interval is considered to be invalid.","ValueSet/interval-reason"
http://fhirfli.dev/fhir/ig/pythia/CodeSystem/PreferredAllowedReason,0.1.0,draft,,PreferredAllowedReasonCS,Reasons why certain doses are Preferred or Allowed doses,"Reasons why certain doses are Preferred or Allowed doses","ValueSet/preferred-allowed-reason"
http://fhirfli.dev/fhir/ig/pythia/CodeSystem/VaccineGender,0.1.0,draft,,VaccineGenderCS,Vaccine Gender,"Value set for gender categories relevant to vaccination data.","ValueSet/vaccine-gender"
http://fhirfli.dev/fhir/ig/pythia/CodeSystem/ValidAgeReason,0.1.0,draft,,ValidAgeReasonCS,Valid Age Reason,"Value set for reasons why a patient's age is considered valid/invalid for a vaccine.","ValueSet/valid-age-reason"
