URL,Version,Status,OIDs,Name,Title,Descriptino,Uses,Used,Sources
http://fhirfli.dev/fhir/ig/pythia/ValueSet/eval-reason,0.1.0,draft,,EvalReasonVS,Evaluation Reason,"The reason for the evaluation.",,"Internal"
http://fhirfli.dev/fhir/ig/pythia/ValueSet/eval-status,0.1.0,draft,,EvalStatusVS,Evaluation Status Value Set,"Value Set for the status of the result of an evaluation.",,"Internal"
http://fhirfli.dev/fhir/ig/pythia/ValueSet/interval-reason,0.1.0,draft,,IntervalReasonVS,Interval Reason,"This value set includes codes for the reason an interval is considered to be invalid.",,"Internal"
http://fhirfli.dev/fhir/ig/pythia/ValueSet/preferred-allowed-reason,0.1.0,draft,,PreferredAllowedReasonVS,Reasons why certain doses are Preferred or Allowed doses,"Reasons why certain doses are Preferred or Allowed doses",,"Internal"
http://fhirfli.dev/fhir/ig/pythia/ValueSet/vaccine-gender,0.1.0,draft,,VaccineGenderVS,Vaccine Gender,"Value set for gender categories relevant to vaccination data.",,"Internal"
http://fhirfli.dev/fhir/ig/pythia/ValueSet/valid-age-reason,0.1.0,draft,,ValidAgeReasonVS,Valid Age Reason,"Value set for reasons why a patient's age is considered valid/invalid for a vaccine.",,"Internal"
