<?xml version="1.0" encoding="UTF-8"?><ValueSet xmlns="http://hl7.org/fhir"><id value="vaccine-gender"/><text><status value="extensions"/><div xmlns="http://www.w3.org/1999/xhtml"><ul><li>Include these codes as defined in <a href="CodeSystem-VaccineGender.html"><code>http://fhirfli.dev/fhir/ig/pythia/CodeSystem/VaccineGender</code></a><table class="none"><tr><td style="white-space:nowrap"><b>Code</b></td><td><b>Display</b></td><td><b>Definition</b></td></tr><tr><td><a href="CodeSystem-VaccineGender.html#VaccineGender-female">female</a></td><td>Female</td><td>Female</td></tr><tr><td><a href="CodeSystem-VaccineGender.html#VaccineGender-transgender">transgender</a></td><td>Transgender</td><td>Transgender</td></tr><tr><td><a href="CodeSystem-VaccineGender.html#VaccineGender-unknown">unknown</a></td><td>Unknown</td><td>Unknown</td></tr><tr><td><a href="CodeSystem-VaccineGender.html#VaccineGender-male">male</a></td><td>Male</td><td>Male</td></tr></table></li></ul></div></text><url value="http://fhirfli.dev/fhir/ig/pythia/ValueSet/vaccine-gender"/><version value="0.1.0"/><name value="VaccineGenderVS"/><title value="Vaccine Gender"/><status value="draft"/><date value="2024-05-01T10:29:48-04:00"/><publisher value="FHIR-FLI"/><contact><name value="FHIR-FLI"/><telecom><system value="url"/><value value="http://fhirfli.dev"/></telecom></contact><description value="Value set for gender categories relevant to vaccination data."/><compose><include><system value="http://fhirfli.dev/fhir/ig/pythia/CodeSystem/VaccineGender"/><concept><code value="female"/><display value="Female"/></concept><concept><code value="transgender"/><display value="Transgender"/></concept><concept><code value="unknown"/><display value="Unknown"/></concept><concept><code value="male"/><display value="Male"/></concept></include></compose></ValueSet>