<?xml version="1.0" encoding="UTF-8"?><ValueSet xmlns="http://hl7.org/fhir"><id value="vaccine-gender"/><text><status value="generated"/><div xmlns="http://www.w3.org/1999/xhtml"><p>This value set includes codes based on the following rules:</p><ul><li>Include these codes as defined in <a href="http://www.snomed.org/"><code>http://snomed.info/sct</code></a><table class="none"><tr><td style="white-space:nowrap"><b>Code</b></td><td><b>Display</b></td></tr><tr><td><a href="http://snomed.info/id/446151000124109">446151000124109</a></td><td>Male</td></tr><tr><td><a href="http://snomed.info/id/446141000124107">446141000124107</a></td><td>Female</td></tr><tr><td><a href="http://snomed.info/id/407376001">407376001</a></td><td>Transgender</td></tr><tr><td><a href="http://snomed.info/id/407377005">407377005</a></td><td>Transgender</td></tr><tr><td><a href="http://snomed.info/id/33791000087105">33791000087105</a></td><td>Transgender</td></tr><tr><td><a href="http://snomed.info/id/446131000124102">446131000124102</a></td><td>Transgender</td></tr></table></li><li>Include these codes as defined in <a href="http://loinc.org"><code>http://loinc.org</code></a><table class="none"><tr><td style="white-space:nowrap"><b>Code</b></td><td><b>Display</b></td></tr><tr><td><a href="https://loinc.org/LA22878-5/">LA22878-5</a></td><td>Male</td></tr><tr><td><a href="https://loinc.org/LA22879-3/">LA22879-3</a></td><td>Female</td></tr><tr><td><a href="https://loinc.org/LA22880-1/">LA22880-1</a></td><td>Transgender</td></tr><tr><td><a href="https://loinc.org/LA22881-9/">LA22881-9</a></td><td>Transgender</td></tr><tr><td><a href="https://loinc.org/LA22882-7/">LA22882-7</a></td><td>Transgender</td></tr><tr><td><a href="https://loinc.org/LA46-8/">LA46-8</a></td><td>Other</td></tr><tr><td><a href="https://loinc.org/LA20384-6/">LA20384-6</a></td><td>Other</td></tr></table></li><li>Include these codes as defined in <code>http://hl7.org/fhir/v3/NullFlavor</code><table class="none"><tr><td style="white-space:nowrap"><b>Code</b></td><td><b>Display</b></td></tr><tr><td>OTH</td><td>Other</td></tr><tr><td>UNK</td><td>Other</td></tr></table></li><li>Include these codes as defined in <code>http://hl7.org/fhir/valueset-data-absent-reason</code><table class="none"><tr><td style="white-space:nowrap"><b>Code</b></td><td><b>Display</b></td></tr><tr><td>asked-declined</td><td>Other</td></tr></table></li></ul></div></text><url value="http://fhirfli.dev/fhir/ig/pythia/ValueSet/vaccine-gender"/><version value="0.1.0"/><name value="VaccineGender"/><title value="Vaccine Gender"/><status value="draft"/><date value="2024-04-30T11:57:33-04:00"/><publisher value="FHIR-FLI"/><contact><name value="FHIR-FLI"/><telecom><system value="url"/><value value="http://fhirfli.dev"/></telecom></contact><description value="A value set that groups detailed genders from SNOMED CT and LOINC into broader categories (male, female, transgender, other) for use in vaccine predictions."/><compose><include><system value="http://snomed.info/sct"/><concept><code value="446151000124109"/><display value="Male"/></concept><concept><code value="446141000124107"/><display value="Female"/></concept><concept><code value="407376001"/><display value="Transgender"/></concept><concept><code value="407377005"/><display value="Transgender"/></concept><concept><code value="33791000087105"/><display value="Transgender"/></concept><concept><code value="446131000124102"/><display value="Transgender"/></concept></include><include><system value="http://loinc.org"/><concept><code value="LA22878-5"/><display value="Male"/></concept><concept><code value="LA22879-3"/><display value="Female"/></concept><concept><code value="LA22880-1"/><display value="Transgender"/></concept><concept><code value="LA22881-9"/><display value="Transgender"/></concept><concept><code value="LA22882-7"/><display value="Transgender"/></concept><concept><code value="LA46-8"/><display value="Other"/></concept><concept><code value="LA20384-6"/><display value="Other"/></concept></include><include><system value="http://hl7.org/fhir/v3/NullFlavor"/><concept><code value="OTH"/><display value="Other"/></concept><concept><code value="UNK"/><display value="Other"/></concept></include><include><system value="http://hl7.org/fhir/valueset-data-absent-reason"/><concept><code value="asked-declined"/><display value="Other"/></concept></include></compose></ValueSet>