<?xml version="1.0" encoding="UTF-8"?><ValueSet xmlns="http://hl7.org/fhir"><id value="interval-reason"/><text><status value="extensions"/><div xmlns="http://www.w3.org/1999/xhtml"><ul><li>Include these codes as defined in <a href="CodeSystem-IntervalReason.html"><code>http://fhirfli.dev/fhir/ig/pythia/CodeSystem/IntervalReason</code></a><table class="none"><tr><td style="white-space:nowrap"><b>Code</b></td><td><b>Display</b></td><td><b>Definition</b></td></tr><tr><td><a href="CodeSystem-IntervalReason.html#IntervalReason-tooLate">tooLate</a></td><td>Interval: too late</td><td>Interval: too late</td></tr><tr><td><a href="CodeSystem-IntervalReason.html#IntervalReason-tooShort">tooShort</a></td><td>Interval: too short</td><td>Interval: too short</td></tr><tr><td><a href="CodeSystem-IntervalReason.html#IntervalReason-gracePeriod">gracePeriod</a></td><td>Interval: grace period</td><td>Interval: grace period</td></tr></table></li></ul></div></text><url value="http://fhirfli.dev/fhir/ig/pythia/ValueSet/interval-reason"/><version value="0.1.0"/><name value="IntervalReasonVS"/><title value="Interval Reason"/><status value="draft"/><date value="2024-04-30T22:06:35-04:00"/><publisher value="FHIR-FLI"/><contact><name value="FHIR-FLI"/><telecom><system value="url"/><value value="http://fhirfli.dev"/></telecom></contact><description value="This value set includes codes for the reason an interval is considered to be invalid."/><compose><include><system value="http://fhirfli.dev/fhir/ig/pythia/CodeSystem/IntervalReason"/><concept><code value="tooLate"/><display value="Interval: too late"/></concept><concept><code value="tooShort"/><display value="Interval: too short"/></concept><concept><code value="gracePeriod"/><display value="Interval: grace period"/></concept></include></compose></ValueSet>