<?xml version="1.0" encoding="UTF-8"?><ValueSet xmlns="http://hl7.org/fhir"><id value="preferred-allowed-reason"/><text><status value="extensions"/><div xmlns="http://www.w3.org/1999/xhtml"><ul><li>Include these codes as defined in <a href="CodeSystem-PreferredAllowedReason.html"><code>http://fhirfli.dev/fhir/ig/pythia/CodeSystem/PreferredAllowedReason</code></a><table class="none"><tr><td style="white-space:nowrap"><b>Code</b></td><td><b>Display</b></td><td><b>Definition</b></td></tr><tr><td><a href="CodeSystem-PreferredAllowedReason.html#PreferredAllowedReason-notAPreferableOrAllowableVaccine">notAPreferableOrAllowableVaccine</a></td><td>Not a preferable or allowable vaccine</td><td>Not a preferable or allowable vaccine</td></tr><tr><td><a href="CodeSystem-PreferredAllowedReason.html#PreferredAllowedReason-wrongTradeName">wrongTradeName</a></td><td>Wrong trade name</td><td>Wrong trade name</td></tr><tr><td><a href="CodeSystem-PreferredAllowedReason.html#PreferredAllowedReason-lessThanRecommendedVolume">lessThanRecommendedVolume</a></td><td>Less than recommended volume</td><td>Less than recommended volume</td></tr><tr><td><a href="CodeSystem-PreferredAllowedReason.html#PreferredAllowedReason-administeredOutsideOfPreferredAgeRange">administeredOutsideOfPreferredAgeRange</a></td><td>Administered outside of preferred age range</td><td>Administered outside of preferred age range</td></tr><tr><td><a href="CodeSystem-PreferredAllowedReason.html#PreferredAllowedReason-noPreferredTypes">noPreferredTypes</a></td><td>No preferred types</td><td>No preferred types</td></tr><tr><td><a href="CodeSystem-PreferredAllowedReason.html#PreferredAllowedReason-noAllowedTypes">noAllowedTypes</a></td><td>No allowed types</td><td>No allowed types</td></tr></table></li></ul></div></text><url value="http://fhirfli.dev/fhir/ig/pythia/ValueSet/preferred-allowed-reason"/><version value="0.1.0"/><name value="PreferredAllowedReasonVS"/><title value="Reasons why certain doses are Preferred or Allowed doses"/><status value="draft"/><date value="2024-04-30T22:06:35-04:00"/><publisher value="FHIR-FLI"/><contact><name value="FHIR-FLI"/><telecom><system value="url"/><value value="http://fhirfli.dev"/></telecom></contact><description value="Reasons why certain doses are Preferred or Allowed doses"/><compose><include><system value="http://fhirfli.dev/fhir/ig/pythia/CodeSystem/PreferredAllowedReason"/><concept><code value="notAPreferableOrAllowableVaccine"/><display value="Not a preferable or allowable vaccine"/></concept><concept><code value="wrongTradeName"/><display value="Wrong trade name"/></concept><concept><code value="lessThanRecommendedVolume"/><display value="Less than recommended volume"/></concept><concept><code value="administeredOutsideOfPreferredAgeRange"/><display value="Administered outside of preferred age range"/></concept><concept><code value="noPreferredTypes"/><display value="No preferred types"/></concept><concept><code value="noAllowedTypes"/><display value="No allowed types"/></concept></include></compose></ValueSet>