[
  {
    "id" : "EvalReason",
    "type" : "CodeSystem",
    "url" : "http://fhirfli.dev/fhir/ig/pythia/CodeSystem/EvalReason",
    "version" : "0.1.0",
    "name" : "EvalReason"
  },
  {
    "id" : "EvalStatus",
    "type" : "CodeSystem",
    "url" : "http://fhirfli.dev/fhir/ig/pythia/CodeSystem/EvalStatus",
    "version" : "0.1.0",
    "name" : "EvalStatus"
  },
  {
    "id" : "PreferredAllowedReason",
    "type" : "CodeSystem",
    "url" : "http://fhirfli.dev/fhir/ig/pythia/CodeSystem/PreferredAllowedReason",
    "version" : "0.1.0",
    "name" : "PreferredAllowedReason"
  },
  {
    "id" : "interval-reason",
    "type" : "CodeSystem",
    "url" : "http://fhirfli.dev/fhir/ig/pythia/CodeSystem/interval-reason",
    "version" : "0.1.0",
    "name" : "IntervalReason"
  },
  {
    "id" : "vaccine-gender",
    "type" : "CodeSystem",
    "url" : "http://fhirfli.dev/fhir/ig/pythia/CodeSystem/vaccine-gender",
    "version" : "0.1.0",
    "name" : "VaccineGender"
  },
  {
    "id" : "vaccine-observation-codes",
    "type" : "CodeSystem",
    "url" : "http://fhirfli.dev/fhir/ig/pythia/CodeSystem/vaccine-observation-codes",
    "version" : "0.1.0",
    "name" : "VaccineObservationCodes"
  },
  {
    "id" : "valid-age-reason",
    "type" : "CodeSystem",
    "url" : "http://fhirfli.dev/fhir/ig/pythia/CodeSystem/valid-age-reason",
    "version" : "0.1.0",
    "name" : "ValidAgeReason"
  },
  {
    "id" : "pythia.ig",
    "type" : "ImplementationGuide",
    "url" : "http://fhirfli.dev/fhir/ig/pythia/ImplementationGuide/pythia.ig",
    "version" : "0.1.0",
    "name" : "PythiaIG"
  },
  {
    "id" : "Vaccine",
    "type" : "StructureDefinition",
    "url" : "http://fhirfli.dev/fhir/ig/pythia/StructureDefinition/Vaccine",
    "version" : "0.1.0",
    "name" : "Vaccine"
  },
  {
    "id" : "antigen-supporting-data",
    "type" : "StructureDefinition",
    "url" : "http://fhirfli.dev/fhir/ig/pythia/StructureDefinition/antigen-supporting-data",
    "version" : "0.1.0",
    "name" : "AntigenSupportingData"
  },
  {
    "id" : "assessment-date",
    "type" : "StructureDefinition",
    "url" : "http://fhirfli.dev/fhir/ig/pythia/StructureDefinition/assessment-date",
    "version" : "0.1.0",
    "name" : "AssessmentDate"
  },
  {
    "id" : "schedule-supporting-data",
    "type" : "StructureDefinition",
    "url" : "http://fhirfli.dev/fhir/ig/pythia/StructureDefinition/schedule-supporting-data",
    "version" : "0.1.0",
    "name" : "ScheduleSupportingData"
  },
  {
    "id" : "vax-patient",
    "type" : "StructureDefinition",
    "url" : "http://fhirfli.dev/fhir/ig/pythia/StructureDefinition/vax-patient",
    "version" : "0.1.0",
    "name" : "VaxPatient"
  },
  {
    "id" : "eval-status-value-set",
    "type" : "ValueSet",
    "url" : "http://fhirfli.dev/fhir/ig/pythia/ValueSet/eval-status-value-set",
    "version" : "0.1.0",
    "name" : "EvalStatusValueSet"
  },
  {
    "id" : "vaccine-gender",
    "type" : "ValueSet",
    "url" : "http://fhirfli.dev/fhir/ig/pythia/ValueSet/vaccine-gender",
    "version" : "0.1.0",
    "name" : "VaccineGender"
  }
]
