[
  {
    "id" : "EvalReason",
    "type" : "CodeSystem",
    "url" : "http://fhirfli.dev/fhir/ig/pythia/CodeSystem/EvalReason",
    "version" : "0.1.0",
    "name" : "EvalReasonCS"
  },
  {
    "id" : "EvalStatus",
    "type" : "CodeSystem",
    "url" : "http://fhirfli.dev/fhir/ig/pythia/CodeSystem/EvalStatus",
    "version" : "0.1.0",
    "name" : "EvalStatusCS"
  },
  {
    "id" : "IntervalReason",
    "type" : "CodeSystem",
    "url" : "http://fhirfli.dev/fhir/ig/pythia/CodeSystem/IntervalReason",
    "version" : "0.1.0",
    "name" : "IntervalReasonCS"
  },
  {
    "id" : "PreferredAllowedReason",
    "type" : "CodeSystem",
    "url" : "http://fhirfli.dev/fhir/ig/pythia/CodeSystem/PreferredAllowedReason",
    "version" : "0.1.0",
    "name" : "PreferredAllowedReasonCS"
  },
  {
    "id" : "VaccineGender",
    "type" : "CodeSystem",
    "url" : "http://fhirfli.dev/fhir/ig/pythia/CodeSystem/VaccineGender",
    "version" : "0.1.0",
    "name" : "VaccineGenderCS"
  },
  {
    "id" : "ValidAgeReason",
    "type" : "CodeSystem",
    "url" : "http://fhirfli.dev/fhir/ig/pythia/CodeSystem/ValidAgeReason",
    "version" : "0.1.0",
    "name" : "ValidAgeReasonCS"
  },
  {
    "id" : "vaccine-observation-codes",
    "type" : "CodeSystem",
    "url" : "http://fhirfli.dev/fhir/ig/pythia/CodeSystem/vaccine-observation-codes",
    "version" : "0.1.0",
    "name" : "VaccineObservationCodes"
  },
  {
    "id" : "pythia.ig",
    "type" : "ImplementationGuide",
    "url" : "http://fhirfli.dev/fhir/ig/pythia/ImplementationGuide/pythia.ig",
    "version" : "0.1.0",
    "name" : "PythiaIG"
  },
  {
    "id" : "Vaccine",
    "type" : "StructureDefinition",
    "url" : "http://fhirfli.dev/fhir/ig/pythia/StructureDefinition/Vaccine",
    "version" : "0.1.0",
    "name" : "Vaccine"
  },
  {
    "id" : "antigen-supporting-data",
    "type" : "StructureDefinition",
    "url" : "http://fhirfli.dev/fhir/ig/pythia/StructureDefinition/antigen-supporting-data",
    "version" : "0.1.0",
    "name" : "AntigenSupportingData"
  },
  {
    "id" : "assessment-date",
    "type" : "StructureDefinition",
    "url" : "http://fhirfli.dev/fhir/ig/pythia/StructureDefinition/assessment-date",
    "version" : "0.1.0",
    "name" : "AssessmentDate"
  },
  {
    "id" : "schedule-supporting-data",
    "type" : "StructureDefinition",
    "url" : "http://fhirfli.dev/fhir/ig/pythia/StructureDefinition/schedule-supporting-data",
    "version" : "0.1.0",
    "name" : "ScheduleSupportingData"
  },
  {
    "id" : "vax-dose",
    "type" : "StructureDefinition",
    "url" : "http://fhirfli.dev/fhir/ig/pythia/StructureDefinition/vax-dose",
    "version" : "0.1.0",
    "name" : "VaxDose"
  },
  {
    "id" : "vax-patient",
    "type" : "StructureDefinition",
    "url" : "http://fhirfli.dev/fhir/ig/pythia/StructureDefinition/vax-patient",
    "version" : "0.1.0",
    "name" : "VaxPatient"
  },
  {
    "id" : "eval-reason",
    "type" : "ValueSet",
    "url" : "http://fhirfli.dev/fhir/ig/pythia/ValueSet/eval-reason",
    "version" : "0.1.0",
    "name" : "EvalReasonVS"
  },
  {
    "id" : "eval-status",
    "type" : "ValueSet",
    "url" : "http://fhirfli.dev/fhir/ig/pythia/ValueSet/eval-status",
    "version" : "0.1.0",
    "name" : "EvalStatusVS"
  },
  {
    "id" : "interval-reason",
    "type" : "ValueSet",
    "url" : "http://fhirfli.dev/fhir/ig/pythia/ValueSet/interval-reason",
    "version" : "0.1.0",
    "name" : "IntervalReasonVS"
  },
  {
    "id" : "preferred-allowed-reason",
    "type" : "ValueSet",
    "url" : "http://fhirfli.dev/fhir/ig/pythia/ValueSet/preferred-allowed-reason",
    "version" : "0.1.0",
    "name" : "PreferredAllowedReasonVS"
  },
  {
    "id" : "vaccine-gender",
    "type" : "ValueSet",
    "url" : "http://fhirfli.dev/fhir/ig/pythia/ValueSet/vaccine-gender",
    "version" : "0.1.0",
    "name" : "VaccineGenderVS"
  },
  {
    "id" : "valid-age-reason",
    "type" : "ValueSet",
    "url" : "http://fhirfli.dev/fhir/ig/pythia/ValueSet/valid-age-reason",
    "version" : "0.1.0",
    "name" : "ValidAgeReasonVS"
  }
]
