{
  "codeSystems" : [
    {
      "url" : "http://fhirfli.dev/fhir/ig/pythia/CodeSystem/EvalReason",
      "version" : "0.1.0",
      "status" : "draft",
      "name" : "EvalReasonCS",
      "title" : "Evaluation Reason",
      "description" : "The reason for the evaluation.",
      "uses" : {
      },
      "ValueSet-eval-reason.html" : "Evaluation Reason"
    },
    {
      "url" : "http://fhirfli.dev/fhir/ig/pythia/CodeSystem/EvalStatus",
      "version" : "0.1.0",
      "status" : "draft",
      "name" : "EvalStatusCS",
      "title" : "Evaluation Status",
      "description" : "The status of the result of an evaluation.",
      "uses" : {
      },
      "ValueSet-eval-status.html" : "Evaluation Status Value Set"
    },
    {
      "url" : "http://fhirfli.dev/fhir/ig/pythia/CodeSystem/IntervalReason",
      "version" : "0.1.0",
      "status" : "draft",
      "name" : "IntervalReasonCS",
      "title" : "Interval Reason",
      "description" : "This value set includes codes for the reason an interval is considered to be invalid.",
      "uses" : {
      },
      "ValueSet-interval-reason.html" : "Interval Reason"
    },
    {
      "url" : "http://fhirfli.dev/fhir/ig/pythia/CodeSystem/PreferredAllowedReason",
      "version" : "0.1.0",
      "status" : "draft",
      "name" : "PreferredAllowedReasonCS",
      "title" : "Reasons why certain doses are Preferred or Allowed doses",
      "description" : "Reasons why certain doses are Preferred or Allowed doses",
      "uses" : {
      },
      "ValueSet-preferred-allowed-reason.html" : "Reasons why certain doses are Preferred or Allowed doses"
    },
    {
      "url" : "http://fhirfli.dev/fhir/ig/pythia/CodeSystem/VaccineGender",
      "version" : "0.1.0",
      "status" : "draft",
      "name" : "VaccineGenderCS",
      "title" : "Vaccine Gender",
      "description" : "Value set for gender categories relevant to vaccination data.",
      "uses" : {
      },
      "ValueSet-vaccine-gender.html" : "Vaccine Gender"
    },
    {
      "url" : "http://fhirfli.dev/fhir/ig/pythia/CodeSystem/ValidAgeReason",
      "version" : "0.1.0",
      "status" : "draft",
      "name" : "ValidAgeReasonCS",
      "title" : "Valid Age Reason",
      "description" : "Value set for reasons why a patient's age is considered valid/invalid for a vaccine.",
      "uses" : {
      },
      "ValueSet-valid-age-reason.html" : "Valid Age Reason"
    },
    {
      "url" : "http://hl7.org/fhir/administrative-gender",
      "version" : "4.0.1",
      "status" : "active",
      "name" : "AdministrativeGender",
      "title" : "AdministrativeGender",
      "description" : "The gender of a person used for administrative purposes.",
      "oids" : ["2.16.840.1.113883.4.642.4.2"],
      "uses" : {
      },
      "http://hl7.org/fhir/R4/valueset-administrative-gender.html" : "AdministrativeGender"
    },
    {
      "url" : "http://hl7.org/fhir/link-type",
      "version" : "4.0.1",
      "status" : "active",
      "name" : "LinkType",
      "title" : "LinkType",
      "description" : "The type of link between this patient resource and another patient resource.",
      "oids" : ["2.16.840.1.113883.4.642.4.424"],
      "uses" : {
      },
      "http://hl7.org/fhir/R4/valueset-link-type.html" : "LinkType"
    },
    {
      "url" : "http://terminology.hl7.org/CodeSystem/v2-0131",
      "version" : "2.0.0",
      "status" : "active",
      "name" : "ContactRole2",
      "title" : "contactRole2",
      "description" : "Code system of concepts which specify a relationship role that the next of kin/associated parties plays with regard to the patient. Also used in referrals, for example, it may be necessary to identify the contact representative at the clinic that sent a referral. Used in HL7 Version 2 messaging in the NK1 and CTD segments after 2.5, when it replace 2.16.840.1.113883.18.57.",
      "oids" : ["2.16.840.1.113883.18.58"],
      "uses" : {
      },
      "http://hl7.org/fhir/R4/valueset-patient-contactrelationship.html" : "Patient Contact Relationship "
    },
    {
      "url" : "http://terminology.hl7.org/CodeSystem/v3-MaritalStatus",
      "version" : "3.0.0",
      "status" : "active",
      "name" : "MaritalStatus",
      "title" : "MaritalStatus",
      "description" : "\\* \\* \\* No description supplied \\* \\* \\*\r\n\r\n*Open Issue:* The specific meanings of these codes can vary somewhat by jurisdiction and implementation so caution should be used when determining equivalency.\r\n\r\n*Open Issue:* fixing and completion of the hierarchy and proper good definitions of all the concepts is badly needed.",
      "oids" : ["2.16.840.1.113883.5.2"],
      "uses" : {
      },
      "http://hl7.org/fhir/R4/valueset-marital-status.html" : "MaritalStatus"
    },
    {
      "url" : "http://terminology.hl7.org/CodeSystem/v3-NullFlavor",
      "version" : "3.0.0",
      "status" : "active",
      "name" : "NullFlavor",
      "title" : "NullFlavor",
      "description" : "A collection of codes specifying why a valid value is not present.",
      "oids" : ["2.16.840.1.113883.5.1008"],
      "uses" : {
      },
      "http://hl7.org/fhir/R4/valueset-marital-status.html" : "MaritalStatus"
    },
    {
      "url" : "urn:ietf:bcp:47",
      "version" : "2.0.1",
      "status" : "active",
      "name" : "Ietf3066",
      "title" : "Tags for the Identification of Languages",
      "description" : "Older value from OID registry.  Superceded; see recommendations in BCP-47.",
      "oids" : ["2.16.840.1.113883.6.121"],
      "uses" : {
      },
      "http://hl7.org/fhir/R4/valueset-languages.html" : "Common Languages"
    }
  ]
}
