{
  "codeSystems" : [
    {
      "url" : "http://fhirfli.dev/fhir/ig/pythia/CodeSystem/EvalReason",
      "version" : "0.1.0",
      "status" : "draft",
      "name" : "EvalReasonCS",
      "title" : "Evaluation Reason",
      "description" : "The reason for the evaluation.",
      "uses" : {
      },
      "ValueSet-eval-reason.html" : "Evaluation Reason"
    },
    {
      "url" : "http://fhirfli.dev/fhir/ig/pythia/CodeSystem/EvalStatus",
      "version" : "0.1.0",
      "status" : "draft",
      "name" : "EvalStatusCS",
      "title" : "Evaluation Status",
      "description" : "The status of the result of an evaluation.",
      "uses" : {
      },
      "ValueSet-eval-status.html" : "Evaluation Status Value Set"
    },
    {
      "url" : "http://fhirfli.dev/fhir/ig/pythia/CodeSystem/IntervalReason",
      "version" : "0.1.0",
      "status" : "draft",
      "name" : "IntervalReasonCS",
      "title" : "Interval Reason",
      "description" : "This value set includes codes for the reason an interval is considered to be invalid.",
      "uses" : {
      },
      "ValueSet-interval-reason.html" : "Interval Reason"
    },
    {
      "url" : "http://fhirfli.dev/fhir/ig/pythia/CodeSystem/PreferredAllowedReason",
      "version" : "0.1.0",
      "status" : "draft",
      "name" : "PreferredAllowedReasonCS",
      "title" : "Reasons why certain doses are Preferred or Allowed doses",
      "description" : "Reasons why certain doses are Preferred or Allowed doses",
      "uses" : {
      },
      "ValueSet-preferred-allowed-reason.html" : "Reasons why certain doses are Preferred or Allowed doses"
    },
    {
      "url" : "http://fhirfli.dev/fhir/ig/pythia/CodeSystem/VaccineGender",
      "version" : "0.1.0",
      "status" : "draft",
      "name" : "VaccineGenderCS",
      "title" : "Vaccine Gender",
      "description" : "Value set for gender categories relevant to vaccination data.",
      "uses" : {
      },
      "ValueSet-vaccine-gender.html" : "Vaccine Gender"
    },
    {
      "url" : "http://fhirfli.dev/fhir/ig/pythia/CodeSystem/ValidAgeReason",
      "version" : "0.1.0",
      "status" : "draft",
      "name" : "ValidAgeReasonCS",
      "title" : "Valid Age Reason",
      "description" : "Value set for reasons why a patient's age is considered valid/invalid for a vaccine.",
      "uses" : {
      },
      "ValueSet-valid-age-reason.html" : "Valid Age Reason"
    }
  ]
}
