{
  "codeSystems" : [
    {
      "url" : "http://fhirfli.dev/fhir/ig/pythia/CodeSystem/EvalReason",
      "version" : "0.1.0",
      "status" : "draft",
      "name" : "EvalReason",
      "title" : "Evaluation Reason",
      "description" : "The reason for the evaluation."
    },
    {
      "url" : "http://fhirfli.dev/fhir/ig/pythia/CodeSystem/EvalStatus",
      "version" : "0.1.0",
      "status" : "draft",
      "name" : "EvalStatus",
      "title" : "Evaluation Status",
      "description" : "The status of the result of an evaluation."
    },
    {
      "url" : "http://fhirfli.dev/fhir/ig/pythia/CodeSystem/PreferredAllowedReason",
      "version" : "0.1.0",
      "status" : "draft",
      "name" : "PreferredAllowedReason",
      "title" : "Reasons why certain doses are Preferred or Allowed doses",
      "description" : "Reasons why certain doses are Preferred or Allowed doses"
    },
    {
      "url" : "http://fhirfli.dev/fhir/ig/pythia/CodeSystem/interval-reason",
      "version" : "0.1.0",
      "status" : "draft",
      "name" : "IntervalReason",
      "title" : "IntervalReason",
      "description" : "This value set includes codes for the reason an interval is considered to be invalid."
    },
    {
      "url" : "http://fhirfli.dev/fhir/ig/pythia/CodeSystem/vaccine-gender",
      "version" : "0.1.0",
      "status" : "draft",
      "name" : "VaccineGender",
      "title" : "Vaccine Gender",
      "description" : "Value set for gender categories relevant to vaccination data."
    },
    {
      "url" : "http://fhirfli.dev/fhir/ig/pythia/CodeSystem/vaccine-observation-codes",
      "version" : "0.1.0",
      "status" : "draft",
      "name" : "VaccineObservationCodes",
      "title" : "Vaccine Observation Codes",
      "description" : "Observations and Conditions that are important to indications or contraindications in vaccine forecasting"
    },
    {
      "url" : "http://fhirfli.dev/fhir/ig/pythia/CodeSystem/valid-age-reason",
      "version" : "0.1.0",
      "status" : "draft",
      "name" : "ValidAgeReason",
      "title" : "Valid Age Reason",
      "description" : "Value set for reasons why a patient's age is considered valid/invalid for a vaccine."
    }
  ]
}
