{
  "package": "pythia.ig",
  "version": "0.1.0",
  "fhirVersion": "4.0.1",
  "extensions": [
    {
      "url": "http://fhirfli.dev/fhir/ig/pythia/StructureDefinition/assessment-date",
      "title": "AssessmentDate",
      "types": [
        "dateTime"
      ]
    }
  ],
  "profiles": {
    "Vaccine": [
      {
        "url": "http://fhirfli.dev/fhir/ig/pythia/StructureDefinition/Vaccine",
        "title": "Vaccine"
      }
    ],
    "antigen-supporting-data": [
      {
        "url": "http://fhirfli.dev/fhir/ig/pythia/StructureDefinition/antigen-supporting-data",
        "title": "Antigen Supporting Data"
      }
    ],
    "schedule-supporting-data": [
      {
        "url": "http://fhirfli.dev/fhir/ig/pythia/StructureDefinition/schedule-supporting-data",
        "title": "Schedule Supporting Data"
      }
    ],
    "Patient": [
      {
        "url": "http://fhirfli.dev/fhir/ig/pythia/StructureDefinition/vax-patient",
        "title": "Vaccination Patient"
      }
    ]
  },
  "usage": {
    "http://fhirfli.dev/fhir/ig/pythia/StructureDefinition/assessment-date": [
      "Patient"
    ],
    "http://hl7.org/fhir/StructureDefinition/elementdefinition-bestpractice": [
      "StructureDefinition.snapshot.element.constraint"
    ],
    "http://hl7.org/fhir/StructureDefinition/elementdefinition-bestpractice-explanation": [
      "StructureDefinition.snapshot.element.constraint"
    ],
    "http://hl7.org/fhir/StructureDefinition/elementdefinition-bindingName": [
      "StructureDefinition.snapshot.element.binding"
    ],
    "http://hl7.org/fhir/StructureDefinition/elementdefinition-maxValueSet": [
      "StructureDefinition.snapshot.element.binding"
    ],
    "http://hl7.org/fhir/StructureDefinition/structuredefinition-fhir-type": [
      "StructureDefinition.snapshot.element.type"
    ],
    "http://hl7.org/fhir/StructureDefinition/structuredefinition-hierarchy": [
      "StructureDefinition.snapshot.element.type"
    ],
    "http://hl7.org/fhir/tools/StructureDefinition/ig-internal-dependency": [
      "ImplementationGuide.definition"
    ],
    "http://hl7.org/fhir/tools/StructureDefinition/ig-page-name": [
      "ImplementationGuide.definition.page",
      "ImplementationGuide.definition.page.page"
    ],
    "http://hl7.org/fhir/tools/StructureDefinition/ig-parameter": [
      "ImplementationGuide.definition"
    ],
    "http://hl7.org/fhir/tools/StructureDefinition/implementationguide-dependency-comment": [
      "ImplementationGuide.dependsOn"
    ],
    "http://hl7.org/fhir/tools/StructureDefinition/resource-information": [
      "ImplementationGuide.definition.resource"
    ]
  }
}