{
  "codeSystems" : [
    {
      "url" : "http://fhirfli.dev/fhir/ig/pythia/ValueSet/eval-reason",
      "version" : "0.1.0",
      "status" : "draft",
      "name" : "EvalReasonVS",
      "title" : "Evaluation Reason",
      "description" : "The reason for the evaluation.",
      "systems" : ["http://fhirfli.dev/fhir/ig/pythia/CodeSystem/EvalReason"]
    },
    {
      "url" : "http://fhirfli.dev/fhir/ig/pythia/ValueSet/eval-status",
      "version" : "0.1.0",
      "status" : "draft",
      "name" : "EvalStatusVS",
      "title" : "Evaluation Status Value Set",
      "description" : "Value Set for the status of the result of an evaluation.",
      "systems" : ["http://fhirfli.dev/fhir/ig/pythia/CodeSystem/EvalStatus"]
    },
    {
      "url" : "http://fhirfli.dev/fhir/ig/pythia/ValueSet/interval-reason",
      "version" : "0.1.0",
      "status" : "draft",
      "name" : "IntervalReasonVS",
      "title" : "Interval Reason",
      "description" : "This value set includes codes for the reason an interval is considered to be invalid.",
      "systems" : [
        "http://fhirfli.dev/fhir/ig/pythia/CodeSystem/IntervalReason"
      ]
    },
    {
      "url" : "http://fhirfli.dev/fhir/ig/pythia/ValueSet/preferred-allowed-reason",
      "version" : "0.1.0",
      "status" : "draft",
      "name" : "PreferredAllowedReasonVS",
      "title" : "Reasons why certain doses are Preferred or Allowed doses",
      "description" : "Reasons why certain doses are Preferred or Allowed doses",
      "systems" : [
        "http://fhirfli.dev/fhir/ig/pythia/CodeSystem/PreferredAllowedReason"
      ]
    },
    {
      "url" : "http://fhirfli.dev/fhir/ig/pythia/ValueSet/vaccine-gender",
      "version" : "0.1.0",
      "status" : "draft",
      "name" : "VaccineGenderVS",
      "title" : "Vaccine Gender",
      "description" : "Value set for gender categories relevant to vaccination data.",
      "systems" : ["http://fhirfli.dev/fhir/ig/pythia/CodeSystem/VaccineGender"],
      "uses" : {
      },
      "StructureDefinition-vax-patient.html" : "Vaccination Patient"
    },
    {
      "url" : "http://fhirfli.dev/fhir/ig/pythia/ValueSet/valid-age-reason",
      "version" : "0.1.0",
      "status" : "draft",
      "name" : "ValidAgeReasonVS",
      "title" : "Valid Age Reason",
      "description" : "Value set for reasons why a patient's age is considered valid/invalid for a vaccine.",
      "systems" : [
        "http://fhirfli.dev/fhir/ig/pythia/CodeSystem/ValidAgeReason"
      ]
    }
  ]
}
