{
  "codeSystems" : [
    {
      "url" : "http://fhirfli.dev/fhir/ig/pythia/ValueSet/eval-reason",
      "version" : "0.1.0",
      "status" : "draft",
      "name" : "EvalReasonVS",
      "title" : "Evaluation Reason",
      "description" : "The reason for the evaluation.",
      "systems" : ["http://fhirfli.dev/fhir/ig/pythia/CodeSystem/EvalReason"]
    },
    {
      "url" : "http://fhirfli.dev/fhir/ig/pythia/ValueSet/eval-status",
      "version" : "0.1.0",
      "status" : "draft",
      "name" : "EvalStatusVS",
      "title" : "Evaluation Status Value Set",
      "description" : "Value Set for the status of the result of an evaluation.",
      "systems" : ["http://fhirfli.dev/fhir/ig/pythia/CodeSystem/EvalStatus"]
    },
    {
      "url" : "http://fhirfli.dev/fhir/ig/pythia/ValueSet/interval-reason",
      "version" : "0.1.0",
      "status" : "draft",
      "name" : "IntervalReasonVS",
      "title" : "Interval Reason",
      "description" : "This value set includes codes for the reason an interval is considered to be invalid.",
      "systems" : [
        "http://fhirfli.dev/fhir/ig/pythia/CodeSystem/IntervalReason"
      ]
    },
    {
      "url" : "http://fhirfli.dev/fhir/ig/pythia/ValueSet/preferred-allowed-reason",
      "version" : "0.1.0",
      "status" : "draft",
      "name" : "PreferredAllowedReasonVS",
      "title" : "Reasons why certain doses are Preferred or Allowed doses",
      "description" : "Reasons why certain doses are Preferred or Allowed doses",
      "systems" : [
        "http://fhirfli.dev/fhir/ig/pythia/CodeSystem/PreferredAllowedReason"
      ]
    },
    {
      "url" : "http://fhirfli.dev/fhir/ig/pythia/ValueSet/vaccine-gender",
      "version" : "0.1.0",
      "status" : "draft",
      "name" : "VaccineGenderVS",
      "title" : "Vaccine Gender",
      "description" : "Value set for gender categories relevant to vaccination data.",
      "systems" : ["http://fhirfli.dev/fhir/ig/pythia/CodeSystem/VaccineGender"],
      "uses" : {
      },
      "StructureDefinition-vax-patient.html" : "Vaccination Patient"
    },
    {
      "url" : "http://fhirfli.dev/fhir/ig/pythia/ValueSet/valid-age-reason",
      "version" : "0.1.0",
      "status" : "draft",
      "name" : "ValidAgeReasonVS",
      "title" : "Valid Age Reason",
      "description" : "Value set for reasons why a patient's age is considered valid/invalid for a vaccine.",
      "systems" : [
        "http://fhirfli.dev/fhir/ig/pythia/CodeSystem/ValidAgeReason"
      ]
    },
    {
      "url" : "http://hl7.org/fhir/ValueSet/administrative-gender",
      "version" : "4.0.1",
      "status" : "active",
      "name" : "AdministrativeGender",
      "title" : "AdministrativeGender",
      "description" : "The gender of a person used for administrative purposes.",
      "systems" : ["http://hl7.org/fhir/administrative-gender"],
      "oids" : ["2.16.840.1.113883.4.642.3.1"],
      "sources" : ["2.16.840.1.113883.4.642.3.1"],
      "uses" : {
      },
      "StructureDefinition-vax-patient.html" : "Vaccination Patient"
    },
    {
      "url" : "http://hl7.org/fhir/ValueSet/languages",
      "version" : "4.0.1",
      "status" : "draft",
      "name" : "CommonLanguages",
      "title" : "Common Languages",
      "description" : "This value set includes common codes from BCP-47 (http://tools.ietf.org/html/bcp47)",
      "systems" : ["urn:ietf:bcp:47"],
      "oids" : ["2.16.840.1.113883.4.642.3.20"],
      "sources" : ["2.16.840.1.113883.4.642.3.20"],
      "uses" : {
      },
      "StructureDefinition-vax-patient.html" : "Vaccination Patient"
    },
    {
      "url" : "http://hl7.org/fhir/ValueSet/link-type",
      "version" : "4.0.1",
      "status" : "active",
      "name" : "LinkType",
      "title" : "LinkType",
      "description" : "The type of link between this patient resource and another patient resource.",
      "systems" : ["http://hl7.org/fhir/link-type"],
      "oids" : ["2.16.840.1.113883.4.642.3.423"],
      "sources" : ["2.16.840.1.113883.4.642.3.423"],
      "uses" : {
      },
      "StructureDefinition-vax-patient.html" : "Vaccination Patient"
    },
    {
      "url" : "http://hl7.org/fhir/ValueSet/marital-status",
      "version" : "4.0.1",
      "status" : "active",
      "name" : "Marital Status Codes",
      "title" : "MaritalStatus",
      "description" : "This value set defines the set of codes that can be used to indicate the marital status of a person.",
      "systems" : [
        "http://terminology.hl7.org/CodeSystem/v3-MaritalStatus",
        "http://terminology.hl7.org/CodeSystem/v3-NullFlavor"
      ],
      "oids" : ["2.16.840.1.113883.4.642.3.29"],
      "sources" : ["2.16.840.1.113883.4.642.3.29"],
      "uses" : {
      },
      "StructureDefinition-vax-patient.html" : "Vaccination Patient"
    },
    {
      "url" : "http://hl7.org/fhir/ValueSet/patient-contactrelationship",
      "version" : "4.0.1",
      "status" : "active",
      "name" : "PatientContactRelationship",
      "title" : "Patient Contact Relationship ",
      "description" : "The nature of the relationship between the patient and the contact person.",
      "systems" : ["http://terminology.hl7.org/CodeSystem/v2-0131"],
      "oids" : ["2.16.840.1.113883.4.642.3.1130"],
      "sources" : ["2.16.840.1.113883.4.642.3.1130"],
      "uses" : {
      },
      "StructureDefinition-vax-patient.html" : "Vaccination Patient"
    }
  ]
}
