{
  "codeSystems" : [
    {
      "url" : "http://fhirfli.dev/fhir/ig/pythia/ValueSet/vaccine-gender",
      "version" : "0.1.0",
      "status" : "draft",
      "name" : "VaccineGender",
      "title" : "Vaccine Gender",
      "description" : "A value set that groups detailed genders from SNOMED CT and LOINC into broader categories (male, female, transgender, other) for use in vaccine predictions.",
      "systems" : [
        "http://hl7.org/fhir/v3/NullFlavor",
        "http://hl7.org/fhir/valueset-data-absent-reason",
        "http://loinc.org",
        "http://snomed.info/sct"
      ]
    }
  ]
}
