{
  "codeSystems" : [
    {
      "url" : "http://fhirfli.dev/fhir/ig/pythia/ValueSet/eval-status-value-set",
      "version" : "0.1.0",
      "status" : "draft",
      "name" : "EvalStatusValueSet",
      "title" : "Evaluation Status Value Set",
      "description" : "Value Set for the status of the result of an evaluation.",
      "systems" : ["http://fhirfli.dev/fhir/ig/pythia/CodeSystem/EvalStatus"]
    },
    {
      "url" : "http://fhirfli.dev/fhir/ig/pythia/ValueSet/vaccine-gender",
      "version" : "0.1.0",
      "status" : "draft",
      "name" : "VaccineGender",
      "title" : "Vaccine Gender",
      "description" : "Value set for gender categories relevant to vaccination data.",
      "systems" : [
        "http://fhirfli.dev/fhir/ig/pythia/CodeSystem/vaccine-gender"
      ],
      "uses" : {
      },
      "StructureDefinition-vax-patient.html" : "Vaccination Patient"
    }
  ]
}
